-- MySQL Workbench Forward Engineering

SET @OLD_UNIQUE_CHECKS=@@UNIQUE_CHECKS, UNIQUE_CHECKS=0;
SET @OLD_FOREIGN_KEY_CHECKS=@@FOREIGN_KEY_CHECKS, FOREIGN_KEY_CHECKS=0;
SET @OLD_SQL_MODE=@@SQL_MODE, SQL_MODE='TRADITIONAL,ALLOW_INVALID_DATES';

-- -----------------------------------------------------
-- Schema mydb
-- -----------------------------------------------------
-- -----------------------------------------------------
-- Schema chattingdb
-- -----------------------------------------------------

-- -----------------------------------------------------
-- Schema chattingdb
-- -----------------------------------------------------
CREATE SCHEMA IF NOT EXISTS `chattingdb` DEFAULT CHARACTER SET utf8 ;
USE `chattingdb` ;

-- -----------------------------------------------------
-- Table `chattingdb`.`country`
-- -----------------------------------------------------
CREATE TABLE IF NOT EXISTS `chattingdb`.`country` (
  `id` INT(11) NOT NULL,
  `name` VARCHAR(50) NOT NULL,
  PRIMARY KEY (`id`))
ENGINE = InnoDB
DEFAULT CHARACTER SET = utf8;


-- -----------------------------------------------------
-- Table `chattingdb`.`user`
-- -----------------------------------------------------
CREATE TABLE IF NOT EXISTS `chattingdb`.`user` (
  `mail` VARCHAR(50) NOT NULL,
  `password` VARCHAR(50) NOT NULL,
  `fname` VARCHAR(50) NOT NULL,
  `lname` VARCHAR(50) NOT NULL,
  `uname` VARCHAR(50) NOT NULL,
  `dob` DATE NOT NULL,
  `country` INT(11) NOT NULL,
  `gender` TINYINT(1) NOT NULL,
  `phone` VARCHAR(50) NULL DEFAULT NULL,
  `status` INT(1) NOT NULL,
  `image` BLOB NULL,
  PRIMARY KEY (`mail`),
  INDEX `countryfk_idx` (`country` ASC),
  CONSTRAINT `countryfk`
    FOREIGN KEY (`country`)
    REFERENCES `chattingdb`.`country` (`id`)
    ON DELETE NO ACTION
    ON UPDATE NO ACTION)
ENGINE = InnoDB
DEFAULT CHARACTER SET = utf8;


-- -----------------------------------------------------
-- Table `chattingdb`.`userrelationship`
-- -----------------------------------------------------
CREATE TABLE IF NOT EXISTS `chattingdb`.`userrelationship` (
  `usermail1` VARCHAR(50) NOT NULL,
  `usermail2` VARCHAR(50) NOT NULL,
  `relationstatus` INT(1) NOT NULL,
  `actionusermail` VARCHAR(50) NOT NULL,
  PRIMARY KEY (`usermail1`, `usermail2`),
  INDEX `user2fk_idx` (`usermail2` ASC),
  INDEX `actionfk_idx` (`actionusermail` ASC),
  CONSTRAINT `actionfk`
    FOREIGN KEY (`actionusermail`)
    REFERENCES `chattingdb`.`user` (`mail`)
    ON DELETE NO ACTION
    ON UPDATE NO ACTION,
  CONSTRAINT `user1fk`
    FOREIGN KEY (`usermail1`)
    REFERENCES `chattingdb`.`user` (`mail`)
    ON DELETE NO ACTION
    ON UPDATE NO ACTION,
  CONSTRAINT `user2fk`
    FOREIGN KEY (`usermail2`)
    REFERENCES `chattingdb`.`user` (`mail`)
    ON DELETE NO ACTION
    ON UPDATE NO ACTION)
ENGINE = InnoDB
DEFAULT CHARACTER SET = utf8;

--
-- Dumping data for table `country`
--

INSERT INTO `country` VALUES (1,'Argentina'),(2,'Australia'),(3,'Belgium'),(4,'Brazil'),(5,'Canada'),(6,'Switzerland'),(7,'China'),(8,'Germany'),(9,'Denmark'),(10,'Egypt'),(11,'France'),(12,'HongKong'),(13,'Palestine'),(14,'India'),(15,'Italy'),(16,'Japan'),(17,'Kuwait'),(18,'Mexico'),(19,'Nigeria'),(20,'Netherlands'),(21,'Singapore'),(22,'United Kingdom'),(23,'United States of America'),(24,'Zambia'),(25,'Zimbabwe');


-- Dump completed on 2016-01-25 22:16:59


--
-- Dumping data for table `user`
--

INSERT INTO `user` VALUES ('amira@amira','sdfrtyh','amira','salim','amira90','2016-01-28',17,0,'3989485',1,NULL),('asmaa@asmaa','sjkskddddddddddddd','asmaa','ali','asmaa40','2016-01-12',9,0,'0123333333333',1,NULL),('gamel@yahoo.com','Ai@123','Gamel','Gamel','Gamel','2016-01-14',4,1,'01234567891',1,NULL),('hanaa@yahoo.com','Ai@123','hanaa','hanaa','Hanaa','2016-01-08',2,0,'1234567891',1,NULL),('haya@koko.com','Ai@123','Haya','Kamel','Hayaa','2016-01-12',5,0,'01233090240934',1,NULL),('Hello@fkf.cov','Ai@123','Hello','Hello','Hello','2016-01-13',4,1,'38628638474',1,NULL),('Hello@hi.vom','Ai@123','Hi','Hi','Hi','2016-01-14',6,0,'01234567890',1,NULL),('hiuh@ugf.cuf','Is@123','djihgwife','hwfiubv','pisfnid','2015-12-31',2,0,'0123456745',1,NULL),('isis@isis.com','Is@123','israa','kilany','isss','2016-01-14',1,0,'0927493834',1,NULL),('israa@yahoo.com','Israa@1','Israa','Kilany','Ikilany','2016-01-25',4,0,'7092733',2,NULL),('jiji@gmail.com','Ji@123','Jihan','Sadat','JiJi','1999-01-14',5,0,'120394857674',1,NULL),('kamel@labib.com','1aA@@@','kamel','labib','Kabib','2016-01-24',3,1,'309270',1,NULL),('kamel@yahoo.com','Ka@123','Kamel','Kamel','Kamel','2016-01-28',2,1,'14625163436371',1,0x89504E470D0A1A0A0000000D494844520000004C0000003E08020000000E1F6AB600002E424944415478DA355B07545457D73DAFBF377D60601866E843EF4D14ACA0A8D8C1DE7B4C346AD4A8E9C997F2A5F762341A4B6C31F6DE7BEF1535F68A888AA03481F39FFBFCFEB566B1061866EE39679F7DF6BEF70207920027246251D8A518B894263FECE4C4E9E955AF86574F698E1F74AD2B0C2B6F63B8DD1AAA0B2D3836FB5A3094A78AB51D6D38320CC7A760AFE4D2D4908382785292AA12836A72FCB097B37AB00FBE9B5C37C2D3D0CB894312B07F4A45811B0707D5F5B2377674DCF54A678CE241855F21038E6F7EA3BB866FA5E11B2D16186083049B45C081ED6A7A24D6740ABD160B07006EBA0CBB455803B001608724DCCD49B89D9BF217C09F0037E21C3753799C188A6F06FDADC0AD0CEE663C5C89E57607C0DF3CD4E5275F8FB46D05C076C980EFA7E2C4F83B19FC0E0B3CCCB7E1F8E4FAE10138C18B1FE7E2D49CFA0191B79AF138241447253E4A514F1A003B873F6969C0C989D543DD383CF36EA2EF510D76039C10A1AAA97F6D276BC3205F7C23B26688ABA4A550DF25E05030E098B49AFEBE38C25393677994A8153B785A71458F489C908A6FC6E0E4A8EA51097F00AC005807F00FC0DD66BE0FB36D2FF282B065CC2195FD7C8306A783AC3BCCB09883F900AB0CB004608B0C3BAC80439C2F86F89C4D00EC15837D63B1308EE2C709BDCE0629DB78D821C35E0B40C3EB0E9CE8DDACC2E316461C138CE3FC71A8055F77E3742F4E8FC76959382AA9AE67784986F59004A764A0AF8F728C382DBE62980F0E0DBF9D249CF781231CCBFA8D30E5459EB5BAB38213A3F0B5C8D3E1505BE05BD3D38963A358BE5F0B79DE42294F968F5A80808313E2F0DD189C1AD830CA5A372CB8AA67E449373CCB0E7B94652B6F662E8917302F12BBB4BA97133D5F039CD8A27158D2E566469CDA795710AC62281884D3FBE290D4EA2E3ECF0B7CF6F9C39D54DBC34CB9AAB5BDAE7DF4D5589F8306A8CA0EC3A2CC7F780AFA8D609C92703C00EE5255A77871947639933063AE1B61C08981F84E264E6A8A03E328C7C70DE2210E1E449AB16F148E75E38771E5DD14EC15764485433CECA2625AE05E2CD4B637E24027BE1EBBD387D21C8DE3E3288955438D38D8173BB92E38A1BC89D0D8CB073F4AC0C90E7CDDD03858C689099B2C4041DE8FB73CCBB657E5D82EF8C3CD48D32A1E7EA3157E5E88EF347936380C3FED8A6F1794E58752B5B758E044A2FD7296E3522C5F971F41853D18209436731647C30613ABF356027072C0C968D32209E0450FDF8A3CD3713B5C8B041CE5A9EFAFEDF740434F5F1C6CC6513E383AB87E70100E0B7BD1396833C04E80EB411C7676E0E4089C1C8813231EE51A0E687090878D00FB55BE22DDFF761C5477B35313E290F0DA7E6E9C9C8C6FC6368CF6C3C1FED833E67C00503DAF35A1E4FAE3343F7CCD80FD557C2D799B110E58A0B655D4B366810F53AC77132CD7E2FD9689305705FC4F41F5ABD14F8B22F0EDEE38A91DF64F3B13C850FD29C0EF46D84A0F0EFE065822C272232C32C09700B304586D833556F81EE06B00A8EF62B99D0C7BE9BD86E7E0D090EAEEA63D5481EE1EEC6F25DC36128B8CF6E008F78B2E013B4538A2C1D510C06E4E1CE187631CD451A56DE40B8140C5DC0E2CCE4751BE676CF0304BAEEA4C7186E3888817833C38DC5DD5CF804302B077F4BD14B5AC1987037D704A60CD6B6AD50068E863C47EB1BB55B8E2556FC5596E25287BAC703545BED1DCB5408539B4B071CD71445A596ED866036C73405D516C598E6B8319BE01781F601E4075BBAC9900B7BB34FF1060A60A4F87346D18D5BC7150EB9F0096AA703C25162A3B03F6F55DCDC1D3BCD0CA6E81382AF941A6ED61868A8526EC2FE130B5AA8F54DFCBD2D8C5F930C9B25F86530EC0AE6E1CE0C07121382E12077ACFB9600FC05E8067F11177ECF26D3B94C79A88A5B047108E49BA9D01D8C351D399C73E36EC1F515F18729BCA382204C7FBD58C333FEA43F009AB69ED396A843BF1E6AB09C22902D4C8081C1F89EFB7C2A95D7F00586D6284B44F803D2A2C56E1371EFE1460951D96A8300360BB13EA06377D0DA0667AC727637328F2ED2150D72D15BBA756B4085FA53319E000028CDF1A1EEE6439EFE53B1AFB471747C001133C6FC33716093854C5C11A0EF2C1AE4477F6C7E9EA7E13D4B4B563A1DFC356702E0AAAF32CD83DEEA00A4724280DF63B0D50E2908FF270DE17EA73ED651970D605F712A1A1BD545320E1004F5DAFA0936180AFC4358CF2697CCDA76EB0BDB28BBDAE55E83E154E86129A62716C38E3BCCF126AC7BB5F4CCC9A2942655E3CC184087C130FF8F6609CD815DF1988AF153614166CB3C973012EB6F55C1F148F5FF5A87F27FBE18028AAED32EA2C2B1C0F148EB80DCF3B34258EF1E0A0986D229CF0C07E2FD4F6761FF2879264E171B65291273614A9F5457C7D3778924B94686BEC66C3EECE5B8950D6542949E3AF117FE668D83160BF064765B86451CE2A704A83FD06A8CF73DC8F874749DC65173C4A844B1E78D69A2BEFA0E080A01301C0A86B98E75127C041EEA7F93EB5B9E1D45A358383F1FD04FC21137FCDC08F437092A3E175EFF3FE5EEC9BB55783EDC4C993FBE2D481F846BFCF01FEAB97881E73007E0158EC06FCB2374E4FA97E25EE6C8EF70B60DD485FE788B0CAD7040F9B705818B9CB0887E9756F36C5E969383AF56E128F9D22CAB24DB78872BB1AEB3B43653E601F031619B1B7E3794BB13C4BBB17CF3F8E13EF87414513150BBCFB018A7D95ED1CBD2C19C7A496E71B4B92E14608DC0B839A545B45927A2F0E5E74B1BDE8623F4B417689C43E210407ECEEBE9FA16D96E0620A8753A3F0F348FC39156765968F1670ACAD7E84B3A697A7B265C83619EEB470E394C27516A0B94F285D6291372BC2764558AD727338A0F6C38F06E2071D2B07C42D36B26FE9314B65A1CE22B8EE36C1B33CD72A51EFEF8FB3F0B32C9CD8E479AEF34682719706176995895C7DBE883DD5FAEE6263A1FA229FC34E969244A8CBF6BDEE0F976D50166F789C62A3F949E4812392F0D35C9C948023BDCFDAFA9DF2017ACDBF16B8E5D44E28801D02B193FBA21B6A72821AF2832B72AC4F33ADC51ED84CBF7A25053F8CC6EFA21AFE1B59FB6E084E0E2A2DA01F46D3243C1F6ADC40CB9BDCE7460BCFAD14FF7D56A6070E879A2B9A46DCF01AB79A60B906F354F89D6325DDE60B67BCFCC9085865843526D86C84952C4823813E702D81E183D6F86E1C4E8DC6A1495B69B93D527154DE6E5FB8DF54C31161D8CF8C3D0DD8D75AD11CCAD2A0D8055519F6EBFEFC0DA774CA048FE26DCF52DDFF12678CF6E294487C37A57A40F02352792D23A93F2F6A701CE0ACCADD8FA5F66E7AC1178E520F1B619F0C77C3C5A7E9F6D266661C138B6F06E2E7340CBDB5139C65DDE59B5950DEDA7ADC0584B2E50024891AFBB7AAEF98591CE158A1424D518B4B310A0EC9C2D1ADF0D5B6D5FD9BCDE16191DE8D75795E1C9C86AFB7C2415958D4E2498B54D82E4369B61D877AF1CDB8FAA961F841B3F506F6BEE579EEDADE41383E06A744E128774DA18A7DCD4FDA406DAEFC388DA799F120D258EC80FD3C50892AE3FC8BADF030496EE81B503FD48FA66B6DD7807D1210861F84F99C56E130D37D7C654AE005071C9798063C481415AADC0C80FB915095EFC0E1A1382504A77B5E4CB0E138674517F3A31C7375B6E78011D6EAAB9FA1B7DF1FFA5702E17F089FE3F3F1958C7F33059A08382EB6A65FD826155603CB084EEF893FF4C0A95938369FFE10F61254FAA5E0E8C86BF9F0628C1BC7A691CED828426DD7509C4C104A6B181F52522094E501F6B4BD68AFDE4B80BB916C669C34C131AA7F8794C3221C17E0A2059E241A9EB7B23E6E2D3676B36041E0213D1212439589E1A4E04F1B94E316386686633CD380B77C8DD77DE0AA1F3C4EE61BBA3A6B8A7C1B07396B075A71B4E36937F171AEED799BD04326D8A3C12633C3DE0EA7B8C3251F8E0AFA9906728C97263E4EEA8013B37158E27607541459AB7BBAB028836A465DB6DE0CF8451E7EDA0227775AEB0438CFE65EE4B3F6C6CA02ED7E16D1462C551CC7B4C171193826FA459FC0CA02DF1BC9AC396B5A1BAAB20DE549EA793B1C91E100BD1D256850CBC30A1C11A0CCEB3C21B150EF8510E52AB52DAC0765968B7D000FC3032E986552453B44D8C5CA2B9C00C32901CE28F038417EDE42C37E11779B70A51922767612DB97B620B7E15C2130F371295EAEEB1789A352F195966B4D702D3D64B900553D3BAE26C5F266E7FBF93E58184AFE69A9048B7878DE31BDBE7DDA19175C8A83621A07FFC9C3D73A2C25ED7A5C86C6964EEC178C7D838E9BE19C2F4DE756E51D5C4F3AF836147AAEC6C3B9202A57E40103D434B5DF0E8347D1860B163848CBA5A9D525EE45DBF01D00C7648546C82180733C77CF5FBB1600152986AB413EE47468C41D95E0B25DA327349A7718E54D4082DE78027882F1752F3C6B69C23ED1877DE0AC1DE8FD9F35379C0A85FD81B0989C4A672FB120BE9B8AEF24E3E8E49506B89343AEA0555D8FECE2546779E7289CD0F6591BD78D442BD914D2AB24EE7690E2C9F669EC16503F2C04DFC83A176B24FBC6C0531A4BFD462226FCB0C67476699AA5BE6330764BB89768396183D2447363C7A48DC41FFE501E63BD1920523CA43FB69024EC1843F0A0C63B2AC87B3891423A00E2694538C2C3ED20E1A8CA6F235074CED9C9B352EFE3D922D61A948D20EE06F128C0357FB9B6950BBB866197983D0AECE3E07E94F4A4A54F795BCF7A23AC231B353C1EC787E17F63F1CB347C3F6F9787C450E88B81EEAA3E897B23381CDE12FB373B1C28513A6819EB89447938E9032FF29D382C02DF88C711317B4D705C031D6949162C22B11AB35B60C2E269534F6573CF561EF66934E52C0FA26C7B8C4459A9D79D4A89DB501EE94FB024A5BE8D838A96115B087E226C63A696DF0CF21610A8622F72128E18609FC851D85B25863A7ADB9D1C478DB05A92583D6906C8E25105AED0146DE3AA6A11B24B846326284DF5C3F78A7070E64A119E76F4D60EF6E0C709F865349B2E1FB43F9B080FBA9B6A87079DA0A1FAF150321265ADE34E8407ACE4608F01F64B70DE2E61DB64ECE0BDD3CC78BBA3DF62039C7471CF532360AF08E70381BCE6410783130576D2695E0B8CA6761B446AA4AA94485AD35E1ECEC8F0C0DF78D5CCDD72DA77014FAF294D8F2455B99E87759CB85AA76FFAE1D1005F56319E45BE4756360B3CE57813709783C2B60AD2169E271DBF85FD04F611FCA2957BB102E6C753CA76C9F0A25B337CA7B06154933D7E50D2546E1CEEC4B7C3F1C3087C2B7EA315AE249BAFB4F7909ADD4C0D3928B7B26DFA1693F017C01A114A32431EA6069CB303B11D45B4940C0AC9001E568850D13A031ADA469E0B815BA9B635025C8923D5D662972610BE97EA5CBC93F51BECE158298E09705280133C9C3608FB15421DECD6589596EB2FDE6C36AEE05923ADD144627C7A1CF3F7DBA0FBFD95C06F93B44D7A5E7648C24185019B9E6FE7997DA948B55D8F30502268ACE3A43E38B943E3C834821C89C7DA3E169C12861FA7E31BA9C702E17A825FE590769F509BF46D7129D135571F272CA112D414A43DCBF5DE4FB295A7879C76D828DDF4DBD9FAC216D008296F1E763A5CFA9B839544957DE3704C2EA5799F221C22161ED07E3707179DD20105760940AD4549222E25605001D78A2C92DD3E1C0576AF652679537AD305124F7284B24B69DAE7F4A5172CD4BFDD65D0A8D4AB385676C22D41E3A8A251E24E297037CC48085A67001CDB09A775C549B90D45E10DADFD2FB9A1B6BB19DF88ABED17B2C31F8EFA50B9C2BE25BD260315F3669BCC197A00EB24FE79DB6CFAA0177D5AD6F74AAFEC18F5B865D42ABDBCA475D8E6102F4063CF144AC62A059E778A2E6FEBC05EF1DB55BD8955B81DEB83F9314F9B38B793AAEAD779ABCCD24FBFDA2C4075872C1CDFFF7ED3E8CD26F6496BAD32C1E3771E66EA5E7EADD94EA1AE54440A7B99495D2C7037D39257E9DE6FB5083B55037DF6318B8D823C2EC2051F790B4D0B056AFA25E3049229F1F79BC9F7E2E1613A90BFC5E1DE9A8EC1BB2CB0C7C13EE83B5D76D367CD17581957A8EA1A4DFE43DFD7A2AF38AAC3D31E8944BF6742E5ED0223F61DBA9B077C3D8B928D4549141BA9B9C6EE491B083683F248E0EFA227EDC370502ABED1A5B16B93AD06864C2AD1A19080750A6B607A6C31492B34652ECFFD0A2CC1D7DB67FFAE2F62B5D941537BB9AFF15711E619188C29EC9BE909CB79F8557FBE5AD328D37B2589BAFD34F558A7781C9C52D5DDF36F2AD07CC7A1914C218E70D7F6F22FCBF63F1CA47DA3874741CEE2044AD63AA3BCCF653D1CE922F5F3B3AE87FE52787AE72BCDBD3830F77E46F0490377D6C09FB308470D14DEA0D88642EF85087E3D07DB0CB052A2B0B3F1A39ED8277F2DC7C60E935705E167E3CC14FC221DEB7F71FFEBC3CB3151CB39F601A48C3747C77DA90BAE390AFBD4798A959EFFC801D9225ADF3F0665A11EDBF1A8505ACA0C9E9B01DC0210D7017F40160E4864CAECB712C4FACE41D82384E6736D911F0E0D7A982FFE9BC2367ED6704040FD46865FC831F36C9B639F876BEC917E3933E42B80DF3475BE282DE6590108923B1C703A48BE13627A1C697F18637A9EE5046C1176C8CADA66990407C86D0D4D677A755A3ABED5FB9003765B18CDAE916083199619619945F94DEFB15BA9B1DB1571AF9F3F81E4475AB4267DAF1A3E00F840777A332DF6FF02BFD8EDFD08E05D808F58829B2FD5D3B1DCA252C1E7A8DA4F400897568244147025C074C64C713A2AB21C8FB2D4AA5C2B16065D8D814B115096AA3E8EB1EC91E0711757C5E0D08A41117523A3AB8604B01DC001D1353D537F1681E25CC9F187CCEA310B4F147D39C6F020CBB7A289AD32CBF0BC8DADAA1D19020E6AB383EF3473FF2DC3360B0BB2F1D5689C9EBDC901779B453EEB9889FDDAE288C2867E5D3ED54979091994A13DFFD2439DA7D790014980F77998409DDCB6E5DB7AA81FEA1B30D3002652C3B84229B0052247AFFC456FDA3992FA1D883F03BF04B8ED224FD28FF4C361098E9AA0AAB9FF930CEDA20B4AA2E06630DC08848B76C0B6FE38DC8DC3ED382608A725E2F8601CEEBA912DEF0F177EE55996B78870C626DEF75ACEF8414D7E680313189E9A0ED6FA42070E0B854BA45D3B04D77722FFEA7A9AA53E6E6A7BD13779A189A5E753BD0716AADC5F1283FB9F8A3813C8DD462F12E00799A38AAD71FACD95E02D808F8D309E836946F52303FF06C074FAABD0B08F017EF5B38D069802F019752C07EF017C29B1D69DAF18678AD21C915F23295B803B26F1349F68AE30DD43724A62BBBB4744B86865FB0C647A1E6613A9381A079909C3581458DA543DEC810D3E6C79F3548118E85CB8E3468CA9A4897A219AE47724F6F6628FE0DA6E8EFA7E0E1C170EB762E061A64CF0C09EA198E7BC14C4EA49B67AA1915B6051E7A8CA8FCC65F3D45ABF0BD26F3AD32CD0113895D66AB67EAEBB9E4FECD0136018C0089A0A45DDE8EB7F44895E30D7E5FF212F8DA7026AEA0CB3FA83457E477F9F99C0B101A00A7FF36C78BE9C252571C1F4BC32351ADB36C3B6A9B5692124182FFBC2A334A8EB28637F3F7C25AAAC89F8305923E774C04738101148EB5CAC4A7F0B6C5A608FB817457ECFBB9B6E90CD181853DD23E4451F2FB390A3236139C13D3778A7012E7AB8C3067810EFB7D7C8262CCD86BF74287EA5C38FCAF5A7C597C0B9D5C013F17EA237DB7FF427F42088D6CF9F395C133E37DB26010C22A0CAEAAF36E7D7C09DCD6E359313A7E92FFB4667A66F753E5C6A33CCD4E7F5DFBA00BA1B6A7B101F42353C2E70D441077828F615CE9AE1247547CB8017D9D64B217039040EC950EC2FED26C1ECEF3B4F170344842B05D8A431FF84A3821B46FAE310F721B2EF439BD40E68D23024BB666006CC273A7D6FF0BD66EE751CD4B58B2ACBF294A5451CB0F034EE977140EB98A5997E35997ED2B4AFF5C5119D6EB048336579AE33F84BDEF4A56058181844F5E9A93F964624D4BDF1561FA21FFF80832D3B106257F8BA089FDF73D2F2F0C83F2DF65F40DE1695FC332FFDAACFF479BA60DA4BEC9A1054ECF1DD4CCD49E6233A8C6A4B56E1980AF599E1F5E9CE7316E67BFF0DB7EC53815EB396E316E9B3719E2E360E049A8ABDE4784D38C683D323716AE2F576DAA164F94F1116F0B090AC16DB877FA5038E4EC5E191F8564B1C95899D530EDB5882716011A56AA966FC531067010B78A55D6D18D09518F53B91FB5A567E315BBF10C48F65F17D555DDDAEDD48AA8CE6F71FBDECEF71C20A47F042CD41857D8D9849913EE28070FBAE28538B7E28CAF49A2F992E91F788F2DD70CF9520BFBF759971D6CA9586338F4673E5AC452E8B7295C7D8C9856DD360B9CC26F01FFA63B63E904866500CD733BDB7539446E2986971F8512A7E98553638F441DFF819FA54DF20C8ACE235FD726EE7591BD8064452EDA050ECE43D6860285FC6C68EB85A5397F0FC1CBD8CDBA382FE9498B2A148A84A5F713059E715EA460AA062DCB405F6E0DF14FBAB445A8AFABB68F894BD4C22ACFE641089753E3398C6D02B39F9559D7867A84C4E1C56A453161A98EC133749F0AF47BB16AC9152A138C9769F32C05111CA535C65AD1366EB5B6F4B8CF08F1116706C5A529C14E432011E3657B09FE35EA18A9F34C38F73AAC7A5D68DCDA3D62011B24D31C16A6A007FD8479A636A271C175BD9D7EF6113ED695AC01E1136714C496DB4684B7411F35FBD0F8963E98FDFD389E74F87FD0759F85255FF0C8EC049EF7F01C6B7409C0C0295EE6D91FFD2647D4FEFC0F93C4FEF73D81B3C5B367E02CA7000AAF9D7AAFCA3DE9064B26E842915C92EEACC5D12DC8F731EF3E556E8E686E2A4B972D54504EB2C6B9949EAFA64887A2D557B52E05351E48343228E25C0E54CE95004DC6B05382200C745D48E0EC5F773F0FD826D91ACE709D53B7C2CCC109524079E749976519C23137170D875EADAD631B7827DB6E80D73DC1BB6465509215F891C15F01F7F27C16C756CE267B2F2990484C6493A33FDC81B8FE675A342BDCAA903088AC1C1EF1ACDAFE8D267AFCBB3DD20ACE259A6BEE5A5B7407A8B1358BB5A4D07DC8E0D3C9424F93D88F7259179D226D7B54C5BA5576003B91F19AE055B6F4568D83E8D26E126016E44CA4F9B2B95DDA59AC12A4E0EC5B7E27064D08B41FE35BD8DECCCE6B5A8D26E567C35F9688AB84482FFC1D5A2ABD89224D7621DE53B2D50D9DC713344A0E97C3FCC7FBB1E24138A8A7911B00212555C6DD7961D27D9ED84528AA18FDE5A5BA34268F45384FD00068234823777654FE01D5EF9B7CB80DF803995DFF53F5FE2767CAA4B055AC12A593B1C12BA5611F6FA31C97E40859BE1019BF4C9FE20CBDD5010571CAC617E26FD6A9BCE43FB78B81C08D5B95AE3609FE7636CF86942E33B110D9342705A6C753F5B4D911DC726EC72C3C964A8E896B092672A9582DC642487D2CA7339D240695EAB42656ED2460EEEC7F81D56D99BDE8A0E5EC7C34A5E5C4AD28453FF94D5D99A44A3E94FABFCA924BEAA8F8A92B1A3969AA4452A1CEB9C47201CC873030DA615834676D303FECCEAFB0567FD0594E2A4F88D269166F78698E025210C0B8B0571B56298A193243124A9D31D0A339FE472B64B6CDF0C0BE337EB66688FCAE4C171151EC6DA1E6748D752A1668815DF0CAE9D148A9F90FC8CC137A368E2533DF18D441C117D24066E350BD86B83BD26B81CE5DCAC12850E6BFA8F009B35B896EE772E3D84F2BD49657B16CF5AA7EEB5C2993033A5E4A57C2301F01575B93FCC30C31B123F16F87936DF05BA523F939030D7669BC67154C0F61C970ED08230EC1FF89966FEC9EC986DB02D02AE24ABC53FAAF69BC07D67D1A8924FFA1412937DAEEFE72FD037228E04072FD68F37D8DE1799DBD64158984C2EEF988199D8CB1EBE245DAEE966C25703EAC7F9378C733FEBEDD7D03FA4AAAF0BC746B3F3D2B7BDF876D493A181A793B9E238F55A92F628DBF3D21B02DB0E1ADBAEB443F8E926CE6FF48F5CA4FF82E86E97C688FB41CB84E5066196C0440F21EDD9A0DC1F2586CCD1BA34DFEE706DF409201C2EF6F19FA0576F80D9DC41E19AEBAAF533103FD33BF61FC1B014C4F982F2ADFE739A1FEBBD215FC3FFCE2AD6CAFCD5F8D8B93A0FADD1E9E7B213CAE279EC1EB55381230A143BF9076986B25CE9594F6A454FE31B7E8D63DDD8D7BBDB0E4FDB0591B2A91F165233D243BC5AD6D7732C0A4E85F157E2B563416C17E64C18BD576AF0DFFA24785D9F0AB3157525F07B48A9A8DC79ABB84D61709AC9C1C1A4D8E506E32AA3F4B4470E85B4D0A6D1EA49037CA728343FBE522D3F0BEAA74CB50A9304435F7D36CED27C67824856E3673D98D93C93EC1BB39B7CE6671FCB8C8B91127A213D8980B0D1206F31AA2BD80602DC4F0FA0AFC56180BD427144C65952D7C1F030C5FCB4B58128B48E803ACE07DF72E204777561E47AE25BB7E15ABCB338C6481D575D10B7DB01C73CE2CDD4C0ED56381B6BBBDD22E26084028D2D530F045AA6B2FE31FE97E329D3EB15ED84DD7CC5477C9E12BA55640DF3D26A2C1704467A7E021B56066E63B8879252F7E13B1380FB4030FEC4890B4DD66F4199ED0CFE50503E0365BEE8B3184C8B24E3CFBA8C9EA5723F99642AE3741EC6E992909DCFD89545FA5867278A2A94A6B87064DE1E2BDC4DE1B0884C73F619527311F02CCFDE50E457D15D7D31C407C7B9704A308EF596E7B3335642DC060E769BB8D2CCB88D8C41803CDD6A23AC37F3EB2D6C0361BD9BE0DA2F7FAD0C4B652011F42BE352164955E74C2C4CFDD72B3DCD4CD82E09A48AAEE6A4FCAD71BFEB2B9BA5C22C8BF29504B35CC61F7C95CFCD566A3C92B8CB546DBEACFCC68BFF78223FD445EF3CCEBC4051E94FFE34C83FE9992295FB879FCF6F761B8DD05F39586F604712544CAAC36E0D1A72C3EEA5FAEF36C2058F5099E92E0E00320C65593CF6F1C75111A55DD447DD64664486C49058DD6F87E32E288EB55D490DD91F689BAFCB958FFEDFD31200C93C523D76479BE1884B592F315A5BC3F3FF701ABD748100F86A018E6C8243D27040DED50807F66AB3DA040B15D6B15481F3F9B9F45E6FEA6F47C0FB58E089694FA7A692365A268B77DBB59F235ABE0579AD27FE67D0666B1A59BEDF24895A7AA5DB3DC7647E43C739E9F59902DB6E6A68174F836A8B0A97BC4A437E346357819D4190DB3A6E84BB71D0D0D55A5D64C457BC0DC3BC55DDDC65ADFCD6297028008E067027431482C0721E56F06C236E834B3DDA34EA52B7B69FE82274B3CBB8D40C47539D70D84FD9AA91C0A38EE7E90F1673DC1F3CCC10A16E641A4ECC5A4DF27D6066696E7075EF6CB2CB3FEB7DFB2D70B4E2556E27FEF2C528801B43FAD10F8FC68593765FAA53D11F9CF209ABA4F28BC9F77DBD6F29B5731DBEDFCAF238BD98D35F3A551EB06B93C7C93EC74CF020C98D238A56BEBC79A59FA01C22CECB14AB0A0C0D7DCC3892209A8A8312B62840989CA34BEE85FA5E167D2821F6881D0ED9E04E965F45D7181CD99C9DE54CE9B63D124884DECC8F06A22F7AD1668E449CB05154FE61169E55AC6678725991B3BA97B7B628F678B28120B7D2CCFFC931FB3B4331D0BB2FB018664505D1A2BFD31848FE54396A801D763F1AAAC44C4B1D01BF881A09D499BEAED774A53ACBD7778627F8355D0F7ECE49F34569A341384B325582031ADC4F0C5EA96F496F1560BFC2AE043D6BE157DFC71747FAB08B4E9313707CD38D1AD3807B3499C0B9C3635D6986A5020915D69037227D6E7895931EB89E2294E6FA3DEAE4B9D4D27635DF7DB59DE774331FB67DBC4B803D12B74BE4B780B0561FCD1B7DA08ACCF5F0F8677D32883371DA0822A40D56F925097DA1F71B9568BA915566479C67A5D3304D2FF2BF4D5BFC0D1C89A779823817F8BF0D3EDF80F405480B1CFEE45A3E30F80CD3E70791D08DF484ABD19E0D1A639DB9FADCDA4C6DA9C095106359AA0F91CDD3F6267643E2FD08FC28033FE8B0C70CC78C70C91FCEFA43B1572C6B15F2B07950796EF4BD9C686AEC030EF9764A6049A603BB4561EF4C1CD60A5F6DD7308AA6639B0B7901B057E08F988DFB8CF276B64D2E9180229D712F33F24A86F54AB62F299275018C1EFFD497B2DC20CD331AFE306B330CF0B502D48AA4B677C684E06FDFD1EA3F554D8B6C3EB375F9B64896492A2DE3C4557E6EEAC01F34ED757D424ED073345BF71C6435361958465E2A0AFADC432A3CC9B06361D4BD64A1B197A77E6C204E8BC08999BB5D70DC0415319E7B11C2B31C331686E28068EC1F8583126BFB26E1F036A5ADA356C8B0CA0A5B836077A8694B88716BA273598848C5D815A7902CE4482E6E351A376B1A29F2FD9C70CA60DCA44BDB97BB55348B36CBB046E2E6728C1EDFD1D77ABF5F3B5AEB64FD5BA2A27966E31C87CFF706ED6B517E43B75DB3247197C3679BC9B450E0FE3019C7E8283DD53A8B1A618E00346FA9681702D49BF1A104D1975707F7F2CC43DE4A00EC1F71DE0955ADDDF866B3650E58A3C14E194E6870DBCD3D4A511F34E52B7A98716204BE9B841FA4578D0EC10929382AA5B46BD4AB7A12C7E94265805E805F88532DF4EEA2BC54173A6BF5E30D925407057137706BF4638CD31EE3A560F3718B489A762ECF7DA5D30619AEDB5DB3E719E01B1EBEE46502EA5CABCF77AA48B55A1A1DC9FA30D049DC3BDF40A352609BBF5603D5F93F3ECA4297E9775D9ADFCC487A9C1C79CDE3C3CE79348E80BA436065BC136B286B21E2C0A87D0A5C0C566A0B23715CEE4E033B292CB6C1ED60B81505CFF20DB773A166B42FBE1B8DEF463D1E66C72971382915C76597BCDEF535DDDC0E91A46EFA9397B2F17FB7CF16FEFF09CF3A4656CCCE6D13E15E82B3A15550B18BD1C07A1D54BFEAFE70B60CB339D819E15C64D1BED287D2EF2A1B0C54AE6F4C343FF91FFC7C29A92FC14C6527061E4ADCE3A35282BFB36933F5F46DD32F71ED31B08D2C92CABB0D702356296F6DADEB11F828D741AE8AAA77291CB0200A3B362173BB9F321BCA3F4D93EADB5BEABAD86B7BFBE2F080869101653D8D57DA000E8EC05733F0DD8EA5E33B8CA020014648F2685EFC50357CCA2BF0970956D8F9CD16B8181BB03F40D960648660B30877631C77A2E4C656BE0F93C42316D824B22D2F8A73B35D26F4CFD7856B7176E6CF6C22F1330D867775F47EAF70EFEB18663B003C4FC8F9C4A07D247364CA260AECB3C97CFE6D16B7ABDC01413928C958D8F9A5F3381DA8D6B40FC6314D716CEB8D06865E321FFB55B8E0074F339CC7ED70C3ABDD89954B92003BD96B3ADA2E26C1A16078D45EAB2A0AC4A171F7DBD87148327ED8617D2C944FE9FF9AEECBC7E98DF39140DA37D558D2DA55D18E86ACA3A495E362827C37C58FDD96E895763B064A53F92B917035463B1F266F50A0B26DF4ED64FF1D665822307F782A35719EC268E658F38C99A2F487207DAF6FB1BEDCA77C9F87CF38381A1FB24464D5FE56567FB2D8A9935769C2CD8488D2F4C44BE19EE381BEE43F88F388056EA538B06F33A66055362788872E052A97DC702F1AEE27C1692F5C4CE42A72E5DA02ED590703BE9EB9C7063753D5DA1E71E51D23AFA7D99E778CA0389FF4892A1DD2F413013ED4378469327F091CE0903076EF7678140E08ABEAE1AAE91A743FC576CA17AA9AD84B12E07E8A58D9DAF9B445E09950D862260D188B83D3AE27995749CC7FFDA56F0AFEA84FF64502BBE6B648E3098DC539C9F35536666AFA77BD9B19B5CDC4B664A8E6F365ED17DD85BFE898B35607ED72FDA0728B3EFACF0629D4F90714FD2CD4A66CE5D8F6C7B90072BC3E0DED7C7152DB0779BECF3BDBE951DED9555E107E2A98BF91E25ACCC1721AF532DB433D9B0095BD229F8FCCAA1EDFF93B85D13835E40C8EDDD64AC749D1382116C727E1A8B8EBD9A67F638D77636D77C3F9C3A47B5ABA6A5A7B6ADA865D4D21D1188BE3127188FB713BCBD90823298F4D32DB89FA5B6FD7BF246D0E2FEC0EF3BBD32AE17A4A10F6CCDB4D6A6950E151AF9B52B04081D516698B2C2DD363DB63877FE3B40759AE55FA05D29316B8E2149FA606EED66F5194781D154D5C5461EA4C6AD7FB4956EC1486DD221EE7F955F7087B50107EA76BE66C85B5CC0A493FFC09B35CC9705D6BE2732943B99DEFBAD52BEE5ACFAC9F0498AD7247533C3772A301DF8AC24F9BE1AB71550322EFB677CED20F6EB167E69364E3BF2E96E09AE621CF5B069385691C1A86EF65B0AB36FD3D0FD39DB4BEFBA9DE1DE4B07938E4F05BC28B2FCFE4D65052A99D2C4041EEB52833F53A135D5D4B8FDDA5488F931289B74994D713A3744F24CBBA57839336A84DF7C756DE63223BB1C4E65EEC10B349BF1649E3944CC93E5F381D06176284DB59BEEBADAC23BED547F77CDD8E2E37C393EE39CF7AE7540D6A71B809DB5EF95427D405329C4E082006A14A36B9D256D8E6CB2A4EB3F158047F9668BAAD5F5D5B4749A27839008E69ECFECDF3769EEADE3E15BD351C175DD5C95996ECDAC1B19A1C0B709EF3F527C1B94D96D8C629A9641570EAB85F5F42455FCA5FEC38515DF8FF970A68F53B25B81D67C441CD69301E12E171AABD22D38CB92157FDE17182865DD3B063DA1183BE5BE76B5D2D33F1B04C62E93BEE0B87CC8C9648B29276DDE032CCE3600ECF06F87F75C2FB5882193E3275CA4C1E1689EC2AC646819DCE269F4884E24823F5C3BD2CCF9928B891C91DF5C0D356D607A9E6DDEC6E48C09570ADAA6DF0937C330E0FAFEFEB7ED6217087DE30EB74ECD110A3B51EB619C961DF4E8A668034C05CE17F67A32B54759BC5BA5692C9C1EDF767344323F1BCCBFC30CB433E90DCC68D10DB752F47806CC80DD9C9B35B7B37C325FADC830638E3528A231CA7A3FCB6FB8BD4FC6B483FB80D77BCCEBB891187DD36D2F7DB820C7F71B04862417E06C23B1C931CE4F27E11C8ACD338E037C84063162A7AB438ECB59C708B4F5B789EB509C03EE125CD010BDD6703198913B4B0573AF6CCD82AD347427D876872A2B79BDBAE445808C9BB14B81C0ED7BC702E1456704CF7D163AB05CE44A89B0D0CF66461D78ADCE5B838764743807B19519497DD1C69B7B0A71D93290B47831CA73C968759FE8D5D638F851BE94D280514E1D96028C956AEA689950511A539A1A5CDBDE7137DFEE619109EB54C296F9F52D7B7D5A56661A7E29D6B05767C3A5B10BE1795CF38F923609B9D34F9974AF25A058E878BE763B9FF9D28547688C37EF10D8581CC9E0E713D2FF0B9186EA0C0FE4DB7E0986CEC137FD2CDEEEBEC639727327150533281D7230C8F9A38282FB51D034BB37D578BF08FFE4F1BA5B931F53D22ABDAB98EF9B33B44ECBAB0CBC2EEEE58A1B67DEC1619F6119E07E7639FB62FA539E58266D2168DB1D73C763555B895E4ACEF19513720B066506075DFE01785B195F951D79B38EFE404AF1361BDA6DF981CD90187757ADEB5F976136C10C91F8BB338E13B76B62DFF08CA4F7ABB9E8D0EBA9864BE9C2CB00EBED3BEE9B5567E382D1B27C5E1F4F89A81F6D2F6A6635E6D15BBE4DE0C27245774B73D6A63BD1B6D26CB72C8055894519F17893DD270702B7C251F07E69C8F34EF90194F52DBB00BFBE393F1CD4CEC1AF96F8878CA014F9ABA1E36B7D776F3D476736FB1C1561B99F2CE04B935BACC22C0EF3401658470B15AD75E8FBBA4540F4BC64929751382F19D781C4F92AD6571A2E9797E6C6D87E8FD814C78CDE2D97CAEEAD9FE59416A71AC7DAFAFBC5E9316FEFFCD167A2CE2147A7E2FCBFBB879282C31C07C0596FA008E8F60FFED3235BA66B0FFB56C69B50A4B786818145FD3DFDD3028A4A4B59512B64BD722B4940B2EE166ACFD56B3F085BA946FEC947539D04C00DE61825A9AA55FE4D5BF1A81C392EE26C944BFD82D180784B26D8B71096B4CB03F087044EE417D1E92D659CF416341ECF316AE27E9017B3492D06CA1BF919F7EAF003F6E865FE7E0D4A4477D831B7BA7DE4EB3B323E4211967D3FC67B2BD7976E3FE69B72684FC436EF346994DDD153CA3B77F04F26EFC3FBCC0FE3B8827F270C0A144D2BB41CCBC7D948963A32ABB3A8E85B001450D8083735EF48CB9D7C2B1CE0C27128266E95B86ECAA95FED8A04F397AD9297F68CCF6DE0A965FB48D2CC9F3C7CF3BE284041C9B56D32DA0BAC881AF44E294149C104F327A8B157699A1AA65C0FD44859CE121031CB7C2211394A45AB17BF49910D8AFB1C8FFD1F8EFD93FE6E4E3C48CC6B732707AD6B3A2C8CBC922FB4F8CFE2157C88BE4C5FE46B910606F82FB76872673F49385BD4EF3FE00C37A951C1CACE3F9F582B04A3F5381BF04C0D7D2D83EF45B61E5837DAFB4E16EE5C8B7524C277D0DC7EC061AF7E7A2A5E238C38DECF09FF5A1B451E2FE75079C36988F4BEA41D1B04D3F03C7BCB8D31ACDBA80CA6CF77219AA8647DDEE69ABEE1354DED5869363714AF49200C0B7337064C42623097176C30C87A46081E7BE57BC1200CFB3D8287ED4C6DED835F2BC4D39A25996F1DA7C859FCDC33C2B3C1A1783EF34A91B9850DD2DB8B240AB2C5070407249AB50525A73ED02B5DBE3FE5D17681CD57F8FBF7A32D4BCD7C1EDB173FBADA66D92C2768F2DA6FF03244E3455C6F2B5850000000049454E44AE426082),('mai@yahoo.com','Mai@123','Mai','Mostafa','Mayoya','2016-01-07',4,0,'012-3869623',1,NULL),('manal@f.com','djfkd','ff','dd','ff','2016-01-23',5,0,'ff',1,NULL),('mohamed@mohamed','kfjgkfg','mohamed','nofal','mohamed50','2016-01-07',9,0,'4985945',1,NULL),('nageb@mahfoz.com','Na@123','Nageeb','Mahfouz','Nageeb','2016-01-08',7,1,'12377789099',1,NULL),('Nohaa@lolo.boy.eg','iAm12@','Yehia','Kamel','Yoyo','2016-01-23',8,0,'29322937',1,NULL),('shereen@yahoo.com','Ai@123','Shereen','shereen','Shereen','2016-01-20',2,0,'1234567890',1,NULL),('shimaa@shimaa','djfkd','shimaa','ali','shimaa40','2016-01-21',5,1,'837498343',1,NULL),('ui@gogo.bom','Ai@123','ui','ui','ui','2016-01-20',7,1,'1234567890',1,NULL),('yara@yaho','Ya@123','Yara','yara','Yara','2015-12-31',4,0,'17642365412624',2,0x89504E470D0A1A0A0000000D494844520000004C0000003E08020000000E1F6AB600002E424944415478DA355B07545457D73DAFBF377D60601866E843EF4D14ACA0A8D8C1DE7B4C346AD4A8E9C997F2A5F762341A4B6C31F6DE7BEF1535F68A888AA03481F39FFBFCFEB566B1061866EE39679F7DF6BEF70207920027246251D8A518B894263FECE4C4E9E955AF86574F698E1F74AD2B0C2B6F63B8DD1AAA0B2D3836FB5A3094A78AB51D6D38320CC7A760AFE4D2D4908382785292AA12836A72FCB097B37AB00FBE9B5C37C2D3D0CB894312B07F4A45811B0707D5F5B2377674DCF54A678CE241855F21038E6F7EA3BB866FA5E11B2D16186083049B45C081ED6A7A24D6740ABD160B07006EBA0CBB455803B001608724DCCD49B89D9BF217C09F0037E21C3753799C188A6F06FDADC0AD0CEE663C5C89E57607C0DF3CD4E5275F8FB46D05C076C980EFA7E2C4F83B19FC0E0B3CCCB7E1F8E4FAE10138C18B1FE7E2D49CFA0191B79AF138241447253E4A514F1A003B873F6969C0C989D543DD383CF36EA2EF510D76039C10A1AAA97F6D276BC3205F7C23B26688ABA4A550DF25E05030E098B49AFEBE38C25393677994A8153B785A71458F489C908A6FC6E0E4A8EA51097F00AC005807F00FC0DD66BE0FB36D2FF282B065CC2195FD7C8306A783AC3BCCB09883F900AB0CB004608B0C3BAC80439C2F86F89C4D00EC15837D63B1308EE2C709BDCE0629DB78D821C35E0B40C3EB0E9CE8DDACC2E316461C138CE3FC71A8055F77E3742F4E8FC76959382AA9AE67784986F59004A764A0AF8F728C382DBE62980F0E0DBF9D249CF781231CCBFA8D30E5459EB5BAB38213A3F0B5C8D3E1505BE05BD3D38963A358BE5F0B79DE42294F968F5A80808313E2F0DD189C1AD830CA5A372CB8AA67E449373CCB0E7B94652B6F662E8917302F12BBB4BA97133D5F039CD8A27158D2E566469CDA795710AC62281884D3FBE290D4EA2E3ECF0B7CF6F9C39D54DBC34CB9AAB5BDAE7DF4D5589F8306A8CA0EC3A2CC7F780AFA8D609C92703C00EE5255A77871947639933063AE1B61C08981F84E264E6A8A03E328C7C70DE2210E1E449AB16F148E75E38771E5DD14EC15764485433CECA2625AE05E2CD4B637E24027BE1EBBD387D21C8DE3E3288955438D38D8173BB92E38A1BC89D0D8CB073F4AC0C90E7CDDD03858C689099B2C4041DE8FB73CCBB657E5D82EF8C3CD48D32A1E7EA3157E5E88EF347936380C3FED8A6F1794E58752B5B758E044A2FD7296E3522C5F971F41853D18209436731647C30613ABF356027072C0C968D32209E0450FDF8A3CD3713B5C8B041CE5A9EFAFEDF740434F5F1C6CC6513E383AB87E70100E0B7BD1396833C04E80EB411C7676E0E4089C1C8813231EE51A0E687090878D00FB55BE22DDFF761C5477B35313E290F0DA7E6E9C9C8C6FC6368CF6C3C1FED833E67C00503DAF35A1E4FAE3343F7CCD80FD557C2D799B110E58A0B655D4B366810F53AC77132CD7E2FD9689305705FC4F41F5ABD14F8B22F0EDEE38A91DF64F3B13C850FD29C0EF46D84A0F0EFE065822C272232C32C09700B304586D833556F81EE06B00A8EF62B99D0C7BE9BD86E7E0D090EAEEA63D5481EE1EEC6F25DC36128B8CF6E008F78B2E013B4538A2C1D510C06E4E1CE187631CD451A56DE40B8140C5DC0E2CCE4751BE676CF0304BAEEA4C7186E3888817833C38DC5DD5CF804302B077F4BD14B5AC1987037D704A60CD6B6AD50068E863C47EB1BB55B8E2556FC5596E25287BAC703545BED1DCB5408539B4B071CD71445A596ED866036C73405D516C598E6B8319BE01781F601E4075BBAC9900B7BB34FF1060A60A4F87346D18D5BC7150EB9F0096AA703C25162A3B03F6F55DCDC1D3BCD0CA6E81382AF941A6ED61868A8526EC2FE130B5AA8F54DFCBD2D8C5F930C9B25F86530EC0AE6E1CE0C07121382E12077ACFB9600FC05E8067F11177ECF26D3B94C79A88A5B047108E49BA9D01D8C351D399C73E36EC1F515F18729BCA382204C7FBD58C333FEA43F009AB69ED396A843BF1E6AB09C22902D4C8081C1F89EFB7C2A95D7F00586D6284B44F803D2A2C56E1371EFE1460951D96A8300360BB13EA06377D0DA0667AC727637328F2ED2150D72D15BBA756B4085FA53319E000028CDF1A1EEE6439EFE53B1AFB471747C001133C6FC33716093854C5C11A0EF2C1AE4477F6C7E9EA7E13D4B4B563A1DFC356702E0AAAF32CD83DEEA00A4724280DF63B0D50E2908FF270DE17EA73ED651970D605F712A1A1BD545320E1004F5DAFA0936180AFC4358CF2697CCDA76EB0BDB28BBDAE55E83E154E86129A62716C38E3BCCF126AC7BB5F4CCC9A2942655E3CC184087C130FF8F6609CD815DF1988AF153614166CB3C973012EB6F55C1F148F5FF5A87F27FBE18028AAED32EA2C2B1C0F148EB80DCF3B34258EF1E0A0986D229CF0C07E2FD4F6761FF2879264E171B65291273614A9F5457C7D3778924B94686BEC66C3EECE5B8950D6542949E3AF117FE668D83160BF064765B86451CE2A704A83FD06A8CF73DC8F874749DC65173C4A844B1E78D69A2BEFA0E080A01301C0A86B98E75127C041EEA7F93EB5B9E1D45A358383F1FD04FC21137FCDC08F437092A3E175EFF3FE5EEC9BB55783EDC4C993FBE2D481F846BFCF01FEAB97881E73007E0158EC06FCB2374E4FA97E25EE6C8EF70B60DD485FE788B0CAD7040F9B705818B9CB0887E9756F36C5E969383AF56E128F9D22CAB24DB78872BB1AEB3B43653E601F031619B1B7E3794BB13C4BBB17CF3F8E13EF87414513150BBCFB018A7D95ED1CBD2C19C7A496E71B4B92E14608DC0B839A545B45927A2F0E5E74B1BDE8623F4B417689C43E210407ECEEBE9FA16D96E0620A8753A3F0F348FC39156765968F1670ACAD7E84B3A697A7B265C83619EEB470E394C27516A0B94F285D6291372BC2764558AD727338A0F6C38F06E2071D2B07C42D36B26FE9314B65A1CE22B8EE36C1B33CD72A51EFEF8FB3F0B32C9CD8E479AEF34682719706176995895C7DBE883DD5FAEE6263A1FA229FC34E969244A8CBF6BDEE0F976D50166F789C62A3F949E4812392F0D35C9C948023BDCFDAFA9DF2017ACDBF16B8E5D44E28801D02B193FBA21B6A72821AF2832B72AC4F33ADC51ED84CBF7A25053F8CC6EFA21AFE1B59FB6E084E0E2A2DA01F46D3243C1F6ADC40CB9BDCE7460BCFAD14FF7D56A6070E879A2B9A46DCF01AB79A60B906F354F89D6325DDE60B67BCFCC9085865843526D86C84952C4823813E702D81E183D6F86E1C4E8DC6A1495B69B93D527154DE6E5FB8DF54C31161D8CF8C3D0DD8D75AD11CCAD2A0D8055519F6EBFEFC0DA774CA048FE26DCF52DDFF12678CF6E294487C37A57A40F02352792D23A93F2F6A701CE0ACCADD8FA5F66E7AC1178E520F1B619F0C77C3C5A7E9F6D266661C138B6F06E2E7340CBDB5139C65DDE59B5950DEDA7ADC0584B2E50024891AFBB7AAEF98591CE158A1424D518B4B310A0EC9C2D1ADF0D5B6D5FD9BCDE16191DE8D75795E1C9C86AFB7C2415958D4E2498B54D82E4369B61D877AF1CDB8FAA961F841B3F506F6BEE579EEDADE41383E06A744E128774DA18A7DCD4FDA406DAEFC388DA799F120D258EC80FD3C50892AE3FC8BADF030496EE81B503FD48FA66B6DD7807D1210861F84F99C56E130D37D7C654AE005071C9798063C481415AADC0C80FB915095EFC0E1A1382504A77B5E4CB0E138674517F3A31C7375B6E78011D6EAAB9FA1B7DF1FFA5702E17F089FE3F3F1958C7F33059A08382EB6A65FD826155603CB084EEF893FF4C0A95938369FFE10F61254FAA5E0E8C86BF9F0628C1BC7A691CED828426DD7509C4C104A6B181F52522094E501F6B4BD68AFDE4B80BB916C669C34C131AA7F8794C3221C17E0A2059E241A9EB7B23E6E2D3676B36041E0213D1212439589E1A4E04F1B94E316386686633CD380B77C8DD77DE0AA1F3C4EE61BBA3A6B8A7C1B07396B075A71B4E36937F171AEED799BD04326D8A3C12633C3DE0EA7B8C3251F8E0AFA9906728C97263E4EEA8013B37158E27607541459AB7BBAB028836A465DB6DE0CF8451E7EDA0227775AEB0438CFE65EE4B3F6C6CA02ED7E16D1462C551CC7B4C171193826FA459FC0CA02DF1BC9AC396B5A1BAAB20DE549EA793B1C91E100BD1D256850CBC30A1C11A0CCEB3C21B150EF8510E52AB52DAC0765968B7D000FC3032E986552453B44D8C5CA2B9C00C32901CE28F038417EDE42C37E11779B70A51922767612DB97B620B7E15C2130F371295EAEEB1789A352F195966B4D702D3D64B900553D3BAE26C5F266E7FBF93E58184AFE69A9048B7878DE31BDBE7DDA19175C8A83621A07FFC9C3D73A2C25ED7A5C86C6964EEC178C7D838E9BE19C2F4DE756E51D5C4F3AF836147AAEC6C3B9202A57E40103D434B5DF0E8347D1860B163848CBA5A9D525EE45DBF01D00C7648546C82180733C77CF5FBB1600152986AB413EE47468C41D95E0B25DA327349A7718E54D4082DE78027882F1752F3C6B69C23ED1877DE0AC1DE8FD9F35379C0A85FD81B0989C4A672FB120BE9B8AEF24E3E8E49506B89343AEA0555D8FECE2546779E7289CD0F6591BD78D442BD914D2AB24EE7690E2C9F669EC16503F2C04DFC83A176B24FBC6C0531A4BFD462226FCB0C67476699AA5BE6330764BB89768396183D2447363C7A48DC41FFE501E63BD1920523CA43FB69024EC1843F0A0C63B2AC87B3891423A00E2694538C2C3ED20E1A8CA6F235074CED9C9B352EFE3D922D61A948D20EE06F128C0357FB9B6950BBB866197983D0AECE3E07E94F4A4A54F795BCF7A23AC231B353C1EC787E17F63F1CB347C3F6F9787C450E88B81EEAA3E897B23381CDE12FB373B1C28513A6819EB89447938E9032FF29D382C02DF88C711317B4D705C031D6949162C22B11AB35B60C2E269534F6573CF561EF66934E52C0FA26C7B8C4459A9D79D4A89DB501EE94FB024A5BE8D838A96115B087E226C63A696DF0CF21610A8622F72128E18609FC851D85B25863A7ADB9D1C478DB05A92583D6906C8E25105AED0146DE3AA6A11B24B846326284DF5C3F78A7070E64A119E76F4D60EF6E0C709F865349B2E1FB43F9B080FBA9B6A87079DA0A1FAF150321265ADE34E8407ACE4608F01F64B70DE2E61DB64ECE0BDD3CC78BBA3DF62039C7471CF532360AF08E70381BCE6410783130576D2695E0B8CA6761B446AA4AA94485AD35E1ECEC8F0C0DF78D5CCDD72DA77014FAF294D8F2455B99E87759CB85AA76FFAE1D1005F56319E45BE4756360B3CE57813709783C2B60AD2169E271DBF85FD04F611FCA2957BB102E6C753CA76C9F0A25B337CA7B06154933D7E50D2546E1CEEC4B7C3F1C3087C2B7EA315AE249BAFB4F7909ADD4C0D3928B7B26DFA1693F017C01A114A32431EA6069CB303B11D45B4940C0AC9001E568850D13A031ADA469E0B815BA9B635025C8923D5D662972610BE97EA5CBC93F51BECE158298E09705280133C9C3608FB15421DECD6589596EB2FDE6C36AEE05923ADD144627C7A1CF3F7DBA0FBFD95C06F93B44D7A5E7648C24185019B9E6FE7997DA948B55D8F30502268ACE3A43E38B943E3C834821C89C7DA3E169C12861FA7E31BA9C702E17A825FE590769F509BF46D7129D135571F272CA112D414A43DCBF5DE4FB295A7879C76D828DDF4DBD9FAC216D008296F1E763A5CFA9B839544957DE3704C2EA5799F221C22161ED07E3707179DD20105760940AD4549222E25605001D78A2C92DD3E1C0576AF652679537AD305124F7284B24B69DAE7F4A5172CD4BFDD65D0A8D4AB385676C22D41E3A8A251E24E297037CC48085A67001CDB09A775C549B90D45E10DADFD2FB9A1B6BB19DF88ABED17B2C31F8EFA50B9C2BE25BD260315F3669BCC197A00EB24FE79DB6CFAA0177D5AD6F74AAFEC18F5B865D42ABDBCA475D8E6102F4063CF144AC62A059E778A2E6FEBC05EF1DB55BD8955B81DEB83F9314F9B38B793AAEAD779ABCCD24FBFDA2C4075872C1CDFFF7ED3E8CD26F6496BAD32C1E3771E66EA5E7EADD94EA1AE54440A7B99495D2C7037D39257E9DE6FB5083B55037DF6318B8D823C2EC2051F790B4D0B056AFA25E3049229F1F79BC9F7E2E1613A90BFC5E1DE9A8EC1BB2CB0C7C13EE83B5D76D367CD17581957A8EA1A4DFE43DFD7A2AF38AAC3D31E8944BF6742E5ED0223F61DBA9B077C3D8B928D4549141BA9B9C6EE491B083683F248E0EFA227EDC370502ABED1A5B16B93AD06864C2AD1A19080750A6B607A6C31492B34652ECFFD0A2CC1D7DB67FFAE2F62B5D941537BB9AFF15711E619188C29EC9BE909CB79F8557FBE5AD328D37B2589BAFD34F558A7781C9C52D5DDF36F2AD07CC7A1914C218E70D7F6F22FCBF63F1CA47DA3874741CEE2044AD63AA3BCCF653D1CE922F5F3B3AE87FE52787AE72BCDBD3830F77E46F0490377D6C09FB308470D14DEA0D88642EF85087E3D07DB0CB052A2B0B3F1A39ED8277F2DC7C60E935705E167E3CC14FC221DEB7F71FFEBC3CB3151CB39F601A48C3747C77DA90BAE390AFBD4798A959EFFC801D9225ADF3F0665A11EDBF1A8505ACA0C9E9B01DC0210D7017F40160E4864CAECB712C4FACE41D82384E6736D911F0E0D7A982FFE9BC2367ED6704040FD46865FC831F36C9B639F876BEC917E3933E42B80DF3475BE282DE6590108923B1C703A48BE13627A1C697F18637A9EE5046C1176C8CADA66990407C86D0D4D677A755A3ABED5FB9003765B18CDAE916083199619619945F94DEFB15BA9B1DB1571AF9F3F81E4475AB4267DAF1A3E00F840777A332DF6FF02BFD8EDFD08E05D808F58829B2FD5D3B1DCA252C1E7A8DA4F400897568244147025C074C64C713A2AB21C8FB2D4AA5C2B16065D8D814B115096AA3E8EB1EC91E0711757C5E0D08A41117523A3AB8604B01DC001D1353D537F1681E25CC9F187CCEA310B4F147D39C6F020CBB7A289AD32CBF0BC8DADAA1D19020E6AB383EF3473FF2DC3360B0BB2F1D5689C9EBDC901779B453EEB9889FDDAE288C2867E5D3ED54979091994A13DFFD2439DA7D790014980F77998409DDCB6E5DB7AA81FEA1B30D3002652C3B84229B0052247AFFC456FDA3992FA1D883F03BF04B8ED224FD28FF4C361098E9AA0AAB9FF930CEDA20B4AA2E06630DC08848B76C0B6FE38DC8DC3ED382608A725E2F8601CEEBA912DEF0F177EE55996B78870C626DEF75ACEF8414D7E680313189E9A0ED6FA42070E0B854BA45D3B04D77722FFEA7A9AA53E6E6A7BD13779A189A5E753BD0716AADC5F1283FB9F8A3813C8DD462F12E00799A38AAD71FACD95E02D808F8D309E836946F52303FF06C074FAABD0B08F017EF5B38D069802F019752C07EF017C29B1D69DAF18678AD21C915F23295B803B26F1349F68AE30DD43724A62BBBB4744B86865FB0C647A1E6613A9381A079909C3581458DA543DEC810D3E6C79F3548118E85CB8E3468CA9A4897A219AE47724F6F6628FE0DA6E8EFA7E0E1C170EB762E061A64CF0C09EA198E7BC14C4EA49B67AA1915B6051E7A8CA8FCC65F3D45ABF0BD26F3AD32CD0113895D66AB67EAEBB9E4FECD0136018C0089A0A45DDE8EB7F44895E30D7E5FF212F8DA7026AEA0CB3FA83457E477F9F99C0B101A00A7FF36C78BE9C252571C1F4BC32351ADB36C3B6A9B5692124182FFBC2A334A8EB28637F3F7C25AAAC89F8305923E774C04738101148EB5CAC4A7F0B6C5A608FB817457ECFBB9B6E90CD181853DD23E4451F2FB390A3236139C13D3778A7012E7AB8C3067810EFB7D7C8262CCD86BF74287EA5C38FCAF5A7C597C0B9D5C013F17EA237DB7FF427F42088D6CF9F395C133E37DB26010C22A0CAEAAF36E7D7C09DCD6E359313A7E92FFB4667A66F753E5C6A33CCD4E7F5DFBA00BA1B6A7B101F42353C2E70D441077828F615CE9AE1247547CB8017D9D64B217039040EC950EC2FED26C1ECEF3B4F170344842B05D8A431FF84A3821B46FAE310F721B2EF439BD40E68D23024BB666006CC273A7D6FF0BD66EE751CD4B58B2ACBF294A5451CB0F034EE977140EB98A5997E35997ED2B4AFF5C5119D6EB048336579AE33F84BDEF4A56058181844F5E9A93F964624D4BDF1561FA21FFF80832D3B106257F8BA089FDF73D2F2F0C83F2DF65F40DE1695FC332FFDAACFF479BA60DA4BEC9A1054ECF1DD4CCD49E6233A8C6A4B56E1980AF599E1F5E9CE7316E67BFF0DB7EC53815EB396E316E9B3719E2E360E049A8ABDE4784D38C683D323716AE2F576DAA164F94F1116F0B090AC16DB877FA5038E4EC5E191F8564B1C95899D530EDB5882716011A56AA966FC531067010B78A55D6D18D09518F53B91FB5A567E315BBF10C48F65F17D555DDDAEDD48AA8CE6F71FBDECEF71C20A47F042CD41857D8D9849913EE28070FBAE28538B7E28CAF49A2F992E91F788F2DD70CF9520BFBF759971D6CA9586338F4673E5AC452E8B7295C7D8C9856DD360B9CC26F01FFA63B63E904866500CD733BDB7539446E2986971F8512A7E98553638F441DFF819FA54DF20C8ACE235FD726EE7591BD8064452EDA050ECE43D6860285FC6C68EB85A5397F0FC1CBD8CDBA382FE9498B2A148A84A5F713059E715EA460AA062DCB405F6E0DF14FBAB445A8AFABB68F894BD4C22ACFE641089753E3398C6D02B39F9559D7867A84C4E1C56A453161A98EC133749F0AF47BB16AC9152A138C9769F32C05111CA535C65AD1366EB5B6F4B8CF08F1116706C5A529C14E432011E3657B09FE35EA18A9F34C38F73AAC7A5D68DCDA3D62011B24D31C16A6A007FD8479A636A271C175BD9D7EF6113ED695AC01E1136714C496DB4684B7411F35FBD0F8963E98FDFD389E74F87FD0759F85255FF0C8EC049EF7F01C6B7409C0C0295EE6D91FFD2647D4FEFC0F93C4FEF73D81B3C5B367E02CA7000AAF9D7AAFCA3DE9064B26E842915C92EEACC5D12DC8F731EF3E556E8E686E2A4B972D54504EB2C6B9949EAFA64887A2D557B52E05351E48343228E25C0E54CE95004DC6B05382200C745D48E0EC5F773F0FD826D91ACE709D53B7C2CCC109524079E749976519C23137170D875EADAD631B7827DB6E80D73DC1BB6465509215F891C15F01F7F27C16C756CE267B2F2990484C6493A33FDC81B8FE675A342BDCAA903088AC1C1EF1ACDAFE8D267AFCBB3DD20ACE259A6BEE5A5B7407A8B1358BB5A4D07DC8E0D3C9424F93D88F7259179D226D7B54C5BA5576003B91F19AE055B6F4568D83E8D26E126016E44CA4F9B2B95DDA59AC12A4E0EC5B7E27064D08B41FE35BD8DECCCE6B5A8D26E567C35F9688AB84482FFC1D5A2ABD89224D7621DE53B2D50D9DC713344A0E97C3FCC7FBB1E24138A8A7911B00212555C6DD7961D27D9ED84528AA18FDE5A5BA34268F45384FD00068234823777654FE01D5EF9B7CB80DF803995DFF53F5FE2767CAA4B055AC12A593B1C12BA5611F6FA31C97E40859BE1019BF4C9FE20CBDD5010571CAC617E26FD6A9BCE43FB78B81C08D5B95AE3609FE7636CF86942E33B110D9342705A6C753F5B4D911DC726EC72C3C964A8E896B092672A9582DC642487D2CA7339D240695EAB42656ED2460EEEC7F81D56D99BDE8A0E5EC7C34A5E5C4AD28453FF94D5D99A44A3E94FABFCA924BEAA8F8A92B1A3969AA4452A1CEB9C47201CC873030DA615834676D303FECCEAFB0567FD0594E2A4F88D269166F78698E025210C0B8B0571B56298A193243124A9D31D0A339FE472B64B6CDF0C0BE337EB66688FCAE4C171151EC6DA1E6748D752A1668815DF0CAE9D148A9F90FC8CC137A368E2533DF18D441C117D24066E350BD86B83BD26B81CE5DCAC12850E6BFA8F009B35B896EE772E3D84F2BD49657B16CF5AA7EEB5C2993033A5E4A57C2301F01575B93FCC30C31B123F16F87936DF05BA523F939030D7669BC67154C0F61C970ED08230EC1FF89966FEC9EC986DB02D02AE24ABC53FAAF69BC07D67D1A8924FFA1412937DAEEFE72FD037228E04072FD68F37D8DE1799DBD64158984C2EEF988199D8CB1EBE245DAEE966C25703EAC7F9378C733FEBEDD7D03FA4AAAF0BC746B3F3D2B7BDF876D493A181A793B9E238F55A92F628DBF3D21B02DB0E1ADBAEB443F8E926CE6FF48F5CA4FF82E86E97C688FB41CB84E5066196C0440F21EDD9A0DC1F2586CCD1BA34DFEE706DF409201C2EF6F19FA0576F80D9DC41E19AEBAAF533103FD33BF61FC1B014C4F982F2ADFE739A1FEBBD215FC3FFCE2AD6CAFCD5F8D8B93A0FADD1E9E7B213CAE279EC1EB55381230A143BF9076986B25CE9594F6A454FE31B7E8D63DDD8D7BBDB0E4FDB0591B2A91F165233D243BC5AD6D7732C0A4E85F157E2B563416C17E64C18BD576AF0DFFA24785D9F0AB3157525F07B48A9A8DC79ABB84D61709AC9C1C1A4D8E506E32AA3F4B4470E85B4D0A6D1EA49037CA728343FBE522D3F0BEAA74CB50A9304435F7D36CED27C67824856E3673D98D93C93EC1BB39B7CE6671FCB8C8B91127A213D8980B0D1206F31AA2BD80602DC4F0FA0AFC56180BD427144C65952D7C1F030C5FCB4B58128B48E803ACE07DF72E204777561E47AE25BB7E15ABCB338C6481D575D10B7DB01C73CE2CDD4C0ED56381B6BBBDD22E26084028D2D530F045AA6B2FE31FE97E329D3EB15ED84DD7CC5477C9E12BA55640DF3D26A2C1704467A7E021B56066E63B8879252F7E13B1380FB4030FEC4890B4DD66F4199ED0CFE50503E0365BEE8B3184C8B24E3CFBA8C9EA5723F99642AE3741EC6E992909DCFD89545FA5867278A2A94A6B87064DE1E2BDC4DE1B0884C73F619527311F02CCFDE50E457D15D7D31C407C7B9704A308EF596E7B3335642DC060E769BB8D2CCB88D8C41803CDD6A23AC37F3EB2D6C0361BD9BE0DA2F7FAD0C4B652011F42BE352164955E74C2C4CFDD72B3DCD4CD82E09A48AAEE6A4FCAD71BFEB2B9BA5C22C8BF29504B35CC61F7C95CFCD566A3C92B8CB546DBEACFCC68BFF78223FD445EF3CCEBC4051E94FFE34C83FE9992295FB879FCF6F761B8DD05F39586F604712544CAAC36E0D1A72C3EEA5FAEF36C2058F5099E92E0E00320C65593CF6F1C75111A55DD447DD64664486C49058DD6F87E32E288EB55D490DD91F689BAFCB958FFEDFD31200C93C523D76479BE1884B592F315A5BC3F3FF701ABD748100F86A018E6C8243D27040DED50807F66AB3DA040B15D6B15481F3F9B9F45E6FEA6F47C0FB58E089694FA7A692365A268B77DBB59F235ABE0579AD27FE67D0666B1A59BEDF24895A7AA5DB3DC7647E43C739E9F59902DB6E6A68174F836A8B0A97BC4A437E346357819D4190DB3A6E84BB71D0D0D55A5D64C457BC0DC3BC55DDDC65ADFCD6297028008E067027431482C0721E56F06C236E834B3DDA34EA52B7B69FE82274B3CBB8D40C47539D70D84FD9AA91C0A38EE7E90F1673DC1F3CCC10A16E641A4ECC5A4DF27D6066696E7075EF6CB2CB3FEB7DFB2D70B4E2556E27FEF2C528801B43FAD10F8FC68593765FAA53D11F9CF209ABA4F28BC9F77DBD6F29B5731DBEDFCAF238BD98D35F3A551EB06B93C7C93EC74CF020C98D238A56BEBC79A59FA01C22CECB14AB0A0C0D7DCC3892209A8A8312B62840989CA34BEE85FA5E167D2821F6881D0ED9E04E965F45D7181CD99C9DE54CE9B63D124884DECC8F06A22F7AD1668E449CB05154FE61169E55AC6678725991B3BA97B7B628F678B28120B7D2CCFFC931FB3B4331D0BB2FB018664505D1A2BFD31848FE54396A801D763F1AAAC44C4B1D01BF881A09D499BEAED774A53ACBD7778627F8355D0F7ECE49F34569A341384B325582031ADC4F0C5EA96F496F1560BFC2AE043D6BE157DFC71747FAB08B4E9313707CD38D1AD3807B3499C0B9C3635D6986A5020915D69037227D6E7895931EB89E2294E6FA3DEAE4B9D4D27635DF7DB59DE774331FB67DBC4B803D12B74BE4B780B0561FCD1B7DA08ACCF5F0F8677D32883371DA0822A40D56F925097DA1F71B9568BA915566479C67A5D3304D2FF2BF4D5BFC0D1C89A779823817F8BF0D3EDF80F405480B1CFEE45A3E30F80CD3E70791D08DF484ABD19E0D1A639DB9FADCDA4C6DA9C095106359AA0F91CDD3F6267643E2FD08FC28033FE8B0C70CC78C70C91FCEFA43B1572C6B15F2B07950796EF4BD9C686AEC030EF9764A6049A603BB4561EF4C1CD60A5F6DD7308AA6639B0B7901B057E08F988DFB8CF276B64D2E9180229D712F33F24A86F54AB62F299275018C1EFFD497B2DC20CD331AFE306B330CF0B502D48AA4B677C684E06FDFD1EA3F554D8B6C3EB375F9B64896492A2DE3C4557E6EEAC01F34ED757D424ED073345BF71C6435361958465E2A0AFADC432A3CC9B06361D4BD64A1B197A77E6C204E8BC08999BB5D70DC0415319E7B11C2B31C331686E28068EC1F8583126BFB26E1F036A5ADA356C8B0CA0A5B836077A8694B88716BA273598848C5D815A7902CE4482E6E351A376B1A29F2FD9C70CA60DCA44BDB97BB55348B36CBB046E2E6728C1EDFD1D77ABF5F3B5AEB64FD5BA2A27966E31C87CFF706ED6B517E43B75DB3247197C3679BC9B450E0FE3019C7E8283DD53A8B1A618E00346FA9681702D49BF1A104D1975707F7F2CC43DE4A00EC1F71DE0955ADDDF866B3650E58A3C14E194E6870DBCD3D4A511F34E52B7A98716204BE9B841FA4578D0EC10929382AA5B46BD4AB7A12C7E94265805E805F88532DF4EEA2BC54173A6BF5E30D925407057137706BF4638CD31EE3A560F3718B489A762ECF7DA5D30619AEDB5DB3E719E01B1EBEE46502EA5CABCF77AA48B55A1A1DC9FA30D049DC3BDF40A352609BBF5603D5F93F3ECA4297E9775D9ADFCC487A9C1C79CDE3C3CE79348E80BA436065BC136B286B21E2C0A87D0A5C0C566A0B23715CEE4E033B292CB6C1ED60B81505CFF20DB773A166B42FBE1B8DEF463D1E66C72971382915C76597BCDEF535DDDC0E91A46EFA9397B2F17FB7CF16FEFF09CF3A4656CCCE6D13E15E82B3A15550B18BD1C07A1D54BFEAFE70B60CB339D819E15C64D1BED287D2EF2A1B0C54AE6F4C343FF91FFC7C29A92FC14C6527061E4ADCE3A35282BFB36933F5F46DD32F71ED31B08D2C92CABB0D702356296F6DADEB11F828D741AE8AAA77291CB0200A3B362173BB9F321BCA3F4D93EADB5BEABAD86B7BFBE2F080869101653D8D57DA000E8EC05733F0DD8EA5E33B8CA020014648F2685EFC50357CCA2BF0970956D8F9CD16B8181BB03F40D960648660B30877631C77A2E4C656BE0F93C42316D824B22D2F8A73B35D26F4CFD7856B7176E6CF6C22F1330D867775F47EAF70EFEB18663B003C4FC8F9C4A07D247364CA260AECB3C97CFE6D16B7ABDC01413928C958D8F9A5F3381DA8D6B40FC6314D716CEB8D06865E321FFB55B8E0074F339CC7ED70C3ABDD89954B92003BD96B3ADA2E26C1A16078D45EAB2A0AC4A171F7DBD87148327ED8617D2C944FE9FF9AEECBC7E98DF39140DA37D558D2DA55D18E86ACA3A495E362827C37C58FDD96E895763B064A53F92B917035463B1F266F50A0B26DF4ED64FF1D665822307F782A35719EC268E658F38C99A2F487207DAF6FB1BEDCA77C9F87CF38381A1FB24464D5FE56567FB2D8A9935769C2CD8488D2F4C44BE19EE381BEE43F88F388056EA538B06F33A66055362788872E052A97DC702F1AEE27C1692F5C4CE42A72E5DA02ED590703BE9EB9C7063753D5DA1E71E51D23AFA7D99E778CA0389FF4892A1DD2F413013ED4378469327F091CE0903076EF7678140E08ABEAE1AAE91A743FC576CA17AA9AD84B12E07E8A58D9DAF9B445E09950D862260D188B83D3AE27995749CC7FFDA56F0AFEA84FF64502BBE6B648E3098DC539C9F35536666AFA77BD9B19B5CDC4B664A8E6F365ED17DD85BFE898B35607ED72FDA0728B3EFACF0629D4F90714FD2CD4A66CE5D8F6C7B90072BC3E0DED7C7152DB0779BECF3BDBE951DED9555E107E2A98BF91E25ACCC1721AF532DB433D9B0095BD229F8FCCAA1EDFF93B85D13835E40C8EDDD64AC749D1382116C727E1A8B8EBD9A67F638D77636D77C3F9C3A47B5ABA6A5A7B6ADA865D4D21D1188BE3127188FB713BCBD90823298F4D32DB89FA5B6FD7BF246D0E2FEC0EF3BBD32AE17A4A10F6CCDB4D6A6950E151AF9B52B04081D516698B2C2DD363DB63877FE3B40759AE55FA05D29316B8E2149FA606EED66F5194781D154D5C5461EA4C6AD7FB4956EC1486DD221EE7F955F7087B50107EA76BE66C85B5CC0A493FFC09B35CC9705D6BE2732943B99DEFBAD52BEE5ACFAC9F0498AD7247533C3772A301DF8AC24F9BE1AB71550322EFB677CED20F6EB167E69364E3BF2E96E09AE621CF5B069385691C1A86EF65B0AB36FD3D0FD39DB4BEFBA9DE1DE4B07938E4F05BC28B2FCFE4D65052A99D2C4041EEB52833F53A135D5D4B8FDDA5488F931289B74994D713A3744F24CBBA57839336A84DF7C756DE63223BB1C4E65EEC10B349BF1649E3944CC93E5F381D06176284DB59BEEBADAC23BED547F77CDD8E2E37C393EE39CF7AE7540D6A71B809DB5EF95427D405329C4E082006A14A36B9D256D8E6CB2A4EB3F158047F9668BAAD5F5D5B4749A27839008E69ECFECDF3769EEADE3E15BD351C175DD5C95996ECDAC1B19A1C0B709EF3F527C1B94D96D8C629A9641570EAB85F5F42455FCA5FEC38515DF8FF970A68F53B25B81D67C441CD69301E12E171AABD22D38CB92157FDE17182865DD3B063DA1183BE5BE76B5D2D33F1B04C62E93BEE0B87CC8C9648B29276DDE032CCE3600ECF06F87F75C2FB5882193E3275CA4C1E1689EC2AC646819DCE269F4884E24823F5C3BD2CCF9928B891C91DF5C0D356D607A9E6DDEC6E48C09570ADAA6DF0937C330E0FAFEFEB7ED6217087DE30EB74ECD110A3B51EB619C961DF4E8A668034C05CE17F67A32B54759BC5BA5692C9C1EDF767344323F1BCCBFC30CB433E90DCC68D10DB752F47806CC80DD9C9B35B7B37C325FADC830638E3528A231CA7A3FCB6FB8BD4FC6B483FB80D77BCCEBB891187DD36D2F7DB820C7F71B04862417E06C23B1C931CE4F27E11C8ACD338E037C84063162A7AB438ECB59C708B4F5B789EB509C03EE125CD010BDD6703198913B4B0573AF6CCD82AD347427D876872A2B79BDBAE445808C9BB14B81C0ED7BC702E1456704CF7D163AB05CE44A89B0D0CF66461D78ADCE5B838764743807B19519497DD1C69B7B0A71D93290B47831CA73C968759FE8D5D638F851BE94D280514E1D96028C956AEA689950511A539A1A5CDBDE7137DFEE619109EB54C296F9F52D7B7D5A56661A7E29D6B05767C3A5B10BE1795CF38F923609B9D34F9974AF25A058E878BE763B9FF9D28547688C37EF10D8581CC9E0E713D2FF0B9186EA0C0FE4DB7E0986CEC137FD2CDEEEBEC639727327150533281D7230C8F9A38282FB51D034BB37D578BF08FFE4F1BA5B931F53D22ABDAB98EF9B33B44ECBAB0CBC2EEEE58A1B67DEC1619F6119E07E7639FB62FA539E58266D2168DB1D73C763555B895E4ACEF19513720B066506075DFE01785B195F951D79B38EFE404AF1361BDA6DF981CD90187757ADEB5F976136C10C91F8BB338E13B76B62DFF08CA4F7ABB9E8D0EBA9864BE9C2CB00EBED3BEE9B5567E382D1B27C5E1F4F89A81F6D2F6A6635E6D15BBE4DE0C27245774B73D6A63BD1B6D26CB72C8055894519F17893DD270702B7C251F07E69C8F34EF90194F52DBB00BFBE393F1CD4CEC1AF96F8878CA014F9ABA1E36B7D776F3D476736FB1C1561B99F2CE04B935BACC22C0EF3401658470B15AD75E8FBBA4540F4BC64929751382F19D781C4F92AD6571A2E9797E6C6D87E8FD814C78CDE2D97CAEEAD9FE59416A71AC7DAFAFBC5E9316FEFFCD167A2CE2147A7E2FCBFBB879282C31C07C0596FA008E8F60FFED3235BA66B0FFB56C69B50A4B786818145FD3DFDD3028A4A4B59512B64BD722B4940B2EE166ACFD56B3F085BA946FEC947539D04C00DE61825A9AA55FE4D5BF1A81C392EE26C944BFD82D180784B26D8B71096B4CB03F087044EE417D1E92D659CF416341ECF316AE27E9017B3492D06CA1BF919F7EAF003F6E865FE7E0D4A4477D831B7BA7DE4EB3B323E4211967D3FC67B2BD7976E3FE69B72684FC436EF346994DDD153CA3B77F04F26EFC3FBCC0FE3B8827F270C0A144D2BB41CCBC7D948963A32ABB3A8E85B001450D8083735EF48CB9D7C2B1CE0C27128266E95B86ECAA95FED8A04F397AD9297F68CCF6DE0A965FB48D2CC9F3C7CF3BE284041C9B56D32DA0BAC881AF44E294149C104F327A8B157699A1AA65C0FD44859CE121031CB7C2211394A45AB17BF49910D8AFB1C8FFD1F8EFD93FE6E4E3C48CC6B732707AD6B3A2C8CBC922FB4F8CFE2157C88BE4C5FE46B910606F82FB76872673F49385BD4EF3FE00C37A951C1CACE3F9F582B04A3F5381BF04C0D7D2D83EF45B61E5837DAFB4E16EE5C8B7524C277D0DC7EC061AF7E7A2A5E238C38DECF09FF5A1B451E2FE75079C36988F4BEA41D1B04D3F03C7BCB8D31ACDBA80CA6CF77219AA8647DDEE69ABEE1354DED5869363714AF49200C0B7337064C42623097176C30C87A46081E7BE57BC1200CFB3D8287ED4C6DED835F2BC4D39A25996F1DA7C859FCDC33C2B3C1A1783EF34A91B9850DD2DB8B240AB2C5070407249AB50525A73ED02B5DBE3FE5D17681CD57F8FBF7A32D4BCD7C1EDB173FBADA66D92C2768F2DA6FF03244E3455C6F2B5850000000049454E44AE426082),('yehia@lolo.boy.eg','Yehia','Kamel','Yoyo','iAm12@','2016-01-23',8,1,'29322937',1,NULL),('yehiaKK@lolo.boy.eg','iAm12@','Yehia','Kamel','Yoyo','2016-01-23',8,1,'29322937',1,NULL);

-- Dump completed on 2016-01-25 22:17:01

--
-- Dumping data for table `userrelationship`
--

INSERT INTO `userrelationship` VALUES ('amira@amira','asmaa@asmaa',1,'amira@amira'),('amira@amira','mohamed@mohamed',1,'amira@amira'),('asmaa@asmaa','mohamed@mohamed',1,'asmaa@asmaa'),('asmaa@asmaa','shimaa@shimaa',1,'asmaa@asmaa'),('kamel@labib.com','asmaa@asmaa',1,'kamel@labib.com'),('shimaa@shimaa','mohamed@mohamed',1,'shimaa@shimaa');

-- Dump completed on 2016-01-25 22:17:00
ALTER TABLE `chattingdb`.`user` 
ADD COLUMN `image` BLOB NULL AFTER `status`;

SET SQL_MODE=@OLD_SQL_MODE;
SET FOREIGN_KEY_CHECKS=@OLD_FOREIGN_KEY_CHECKS;
SET UNIQUE_CHECKS=@OLD_UNIQUE_CHECKS;
